{"data_min": [0.2800000011920929, 0.009999999776482582, 0.3333333432674408, 0.20000000298023224, 0.20000000298023224, 0.2729050815105438, 0.00999966636300087, 0.30000001192092896], "data_max": [1.0, 0.23999999463558197, 0.6666666865348816, 1.0, 0.4000000059604645, 0.9625869989395142, 0.23549574613571167, 1.0], "data_range": [0.7200000286102295, 0.22999998927116394, 0.3333333432674408, 0.800000011920929, 0.20000000298023224, 0.689681887626648, 0.2254960834980011, 0.699999988079071]}